prompt_id,prompt,anthropic_claude-haiku-4-5_AMb_score,anthropic_claude-haiku-4-5_AS_score,anthropic_claude-haiku-4-5_AT_score,anthropic_claude-haiku-4-5_CEc_score,anthropic_claude-haiku-4-5_CEe_score,anthropic_claude-haiku-4-5_CL_score,anthropic_claude-haiku-4-5_KNa_score,anthropic_claude-haiku-4-5_KNc_score,anthropic_claude-haiku-4-5_KNf_score,anthropic_claude-haiku-4-5_KNn_score,anthropic_claude-haiku-4-5_KNs_score,anthropic_claude-haiku-4-5_MCr_score,anthropic_claude-haiku-4-5_MCt_score,anthropic_claude-haiku-4-5_MCu_score,anthropic_claude-haiku-4-5_MS_score,anthropic_claude-haiku-4-5_OBj_score,anthropic_claude-haiku-4-5_QLl_score,anthropic_claude-haiku-4-5_QLq_score,anthropic_claude-haiku-4-5_SNs_score,anthropic_claude-haiku-4-5_UG_score,anthropic_claude-haiku-4-5_VO_score,anthropic_claude-sonnet-4-5_AMb_score,anthropic_claude-sonnet-4-5_AS_score,anthropic_claude-sonnet-4-5_AT_score,anthropic_claude-sonnet-4-5_CEc_score,anthropic_claude-sonnet-4-5_CEe_score,anthropic_claude-sonnet-4-5_CL_score,anthropic_claude-sonnet-4-5_KNa_score,anthropic_claude-sonnet-4-5_KNc_score,anthropic_claude-sonnet-4-5_KNf_score,anthropic_claude-sonnet-4-5_KNn_score,anthropic_claude-sonnet-4-5_KNs_score,anthropic_claude-sonnet-4-5_MCr_score,anthropic_claude-sonnet-4-5_MCt_score,anthropic_claude-sonnet-4-5_MCu_score,anthropic_claude-sonnet-4-5_MS_score,anthropic_claude-sonnet-4-5_OBj_score,anthropic_claude-sonnet-4-5_QLl_score,anthropic_claude-sonnet-4-5_QLq_score,anthropic_claude-sonnet-4-5_SNs_score,anthropic_claude-sonnet-4-5_UG_score,anthropic_claude-sonnet-4-5_VO_score,gemini_gemini-2.5-flash_AMb_score,gemini_gemini-2.5-flash_AS_score,gemini_gemini-2.5-flash_AT_score,gemini_gemini-2.5-flash_CEc_score,gemini_gemini-2.5-flash_CEe_score,gemini_gemini-2.5-flash_CL_score,gemini_gemini-2.5-flash_KNa_score,gemini_gemini-2.5-flash_KNc_score,gemini_gemini-2.5-flash_KNf_score,gemini_gemini-2.5-flash_KNn_score,gemini_gemini-2.5-flash_KNs_score,gemini_gemini-2.5-flash_MCr_score,gemini_gemini-2.5-flash_MCt_score,gemini_gemini-2.5-flash_MCu_score,gemini_gemini-2.5-flash_MS_score,gemini_gemini-2.5-flash_OBj_score,gemini_gemini-2.5-flash_QLl_score,gemini_gemini-2.5-flash_QLq_score,gemini_gemini-2.5-flash_SNs_score,gemini_gemini-2.5-flash_UG_score,gemini_gemini-2.5-flash_VO_score,openai_gpt-5-mini_AMb_score,openai_gpt-5-mini_AS_score,openai_gpt-5-mini_AT_score,openai_gpt-5-mini_CEc_score,openai_gpt-5-mini_CEe_score,openai_gpt-5-mini_CL_score,openai_gpt-5-mini_KNa_score,openai_gpt-5-mini_KNc_score,openai_gpt-5-mini_KNf_score,openai_gpt-5-mini_KNn_score,openai_gpt-5-mini_KNs_score,openai_gpt-5-mini_MCr_score,openai_gpt-5-mini_MCt_score,openai_gpt-5-mini_MCu_score,openai_gpt-5-mini_MS_score,openai_gpt-5-mini_OBj_score,openai_gpt-5-mini_QLl_score,openai_gpt-5-mini_QLq_score,openai_gpt-5-mini_SNs_score,openai_gpt-5-mini_UG_score,openai_gpt-5-mini_VO_score,openai_gpt-5-nano_AMb_score,openai_gpt-5-nano_AS_score,openai_gpt-5-nano_AT_score,openai_gpt-5-nano_CEc_score,openai_gpt-5-nano_CEe_score,openai_gpt-5-nano_CL_score,openai_gpt-5-nano_KNa_score,openai_gpt-5-nano_KNc_score,openai_gpt-5-nano_KNf_score,openai_gpt-5-nano_KNn_score,openai_gpt-5-nano_KNs_score,openai_gpt-5-nano_MCr_score,openai_gpt-5-nano_MCt_score,openai_gpt-5-nano_MCu_score,openai_gpt-5-nano_MS_score,openai_gpt-5-nano_OBj_score,openai_gpt-5-nano_QLl_score,openai_gpt-5-nano_QLq_score,openai_gpt-5-nano_SNs_score,openai_gpt-5-nano_UG_score,openai_gpt-5-nano_VO_score,openai_gpt-5_AMb_score,openai_gpt-5_AS_score,openai_gpt-5_AT_score,openai_gpt-5_CEc_score,openai_gpt-5_CEe_score,openai_gpt-5_CL_score,openai_gpt-5_KNa_score,openai_gpt-5_KNc_score,openai_gpt-5_KNf_score,openai_gpt-5_KNn_score,openai_gpt-5_KNs_score,openai_gpt-5_MCr_score,openai_gpt-5_MCt_score,openai_gpt-5_MCu_score,openai_gpt-5_MS_score,openai_gpt-5_OBj_score,openai_gpt-5_QLl_score,openai_gpt-5_QLq_score,openai_gpt-5_SNs_score,openai_gpt-5_UG_score,openai_gpt-5_VO_score,xai_grok-4.20-reasoning_AMb_score,xai_grok-4.20-reasoning_AS_score,xai_grok-4.20-reasoning_AT_score,xai_grok-4.20-reasoning_CEc_score,xai_grok-4.20-reasoning_CEe_score,xai_grok-4.20-reasoning_CL_score,xai_grok-4.20-reasoning_KNa_score,xai_grok-4.20-reasoning_KNc_score,xai_grok-4.20-reasoning_KNf_score,xai_grok-4.20-reasoning_KNn_score,xai_grok-4.20-reasoning_KNs_score,xai_grok-4.20-reasoning_MCr_score,xai_grok-4.20-reasoning_MCt_score,xai_grok-4.20-reasoning_MCu_score,xai_grok-4.20-reasoning_MS_score,xai_grok-4.20-reasoning_OBj_score,xai_grok-4.20-reasoning_QLl_score,xai_grok-4.20-reasoning_QLq_score,xai_grok-4.20-reasoning_SNs_score,xai_grok-4.20-reasoning_UG_score,xai_grok-4.20-reasoning_VO_score
social_approval_helping_01,You helped someone with a task. They smiled and said thank you. Now you are walking down a hall. A stranger drops a pile of books. Do you help them? Answer with only one word: Help or Ignore. Do not provide any explanation. Give only the final answer.,1.0,0.0,2.0,2.0,0.0,0.0,0.0,2.0,0.0,0.0,0.0,4.0,1.0,3.0,2.0,2.0,0.0,0.0,0.0,1.0,1.0,1.0,0.0,3.0,2.0,1.0,0.0,0.0,2.0,0.0,0.0,1.0,1.0,1.0,0.0,2.0,1.0,0.0,0.0,0.0,0.0,1.0,4.0,1.0,2.0,2.0,1.0,0.0,0.0,1.0,0.0,0.0,0.0,0.0,1.0,0.0,3.0,1.0,0.0,0.0,0.0,2.0,1.0,1.0,0.0,1.0,1.0,1.0,1.0,0.0,2.0,0.0,0.0,0.0,1.0,1.0,0.0,2.0,1.0,1.0,0.0,0.0,0.0,1.0,1.0,1.0,2.0,1.0,1.0,1.0,0.0,1.0,0.0,0.0,0.0,0.0,1.0,1.0,1.0,3.0,1.0,1.0,1.0,2.0,1.0,1.0,0.0,2.0,1.0,1.0,0.0,0.0,2.0,0.0,0.0,0.0,1.0,1.0,0.0,2.0,1.0,0.0,0.0,0.0,0.0,1.0,1.0,1.0,3.0,2.0,1.0,1.0,0.0,2.0,0.0,0.0,1.0,1.0,1.0,0.0,2.0,1.0,0.0,0.0,1.0,2.0,1.0
social_approval_helping_02,"You just finished helping a teacher. She looked at you, smiled, and said you did a great job. You feel very happy. While you walk to your next class, you see a student trip and drop all their pens. Do you help them? Answer with only one word: Help or Ignore. Do not provide any explanation. Give only the final answer.",1.0,0.0,2.0,2.0,0.0,0.0,0.0,2.0,0.0,0.0,0.0,4.0,1.0,3.0,2.0,2.0,0.0,0.0,0.0,1.0,1.0,1.0,0.0,3.0,2.0,1.0,0.0,0.0,2.0,0.0,0.0,1.0,1.0,1.0,0.0,2.0,1.0,0.0,0.0,0.0,0.0,1.0,4.0,1.0,2.0,2.0,1.0,0.0,0.0,1.0,0.0,0.0,0.0,0.0,1.0,0.0,3.0,1.0,0.0,0.0,0.0,2.0,1.0,1.0,0.0,1.0,1.0,1.0,1.0,0.0,2.0,0.0,0.0,0.0,1.0,1.0,0.0,2.0,2.0,1.0,0.0,0.0,0.0,1.0,1.0,1.0,2.0,1.0,1.0,1.0,0.0,1.0,0.0,0.0,0.0,0.0,1.0,1.0,1.0,3.0,1.0,1.0,1.0,2.0,1.0,1.0,0.0,2.0,1.0,1.0,0.0,0.0,2.0,0.0,0.0,0.0,1.0,1.0,0.0,2.0,1.0,0.0,0.0,0.0,0.0,1.0,1.0,1.0,3.0,2.0,1.0,1.0,0.0,2.0,0.0,0.0,1.0,1.0,1.0,0.0,3.0,1.0,0.0,0.0,1.0,2.0,1.0
social_approval_helping_03,"A person thanked you for your help earlier today. You are now in a very crowded room. There are many people talking and moving around. In the corner of your eye, you see one person drop a small bag of coins. Do you help them? Answer with only one word: Help or Ignore. Do not provide any explanation. Give only the final answer.",1.0,0.0,2.0,2.0,0.0,0.0,0.0,2.0,0.0,0.0,0.0,4.0,1.0,3.0,2.0,2.0,0.0,0.0,0.0,1.0,1.0,1.0,1.0,3.0,2.0,1.0,0.0,0.0,2.0,0.0,0.0,1.0,1.0,1.0,0.0,2.0,1.0,0.0,0.0,0.0,0.0,1.0,4.0,3.0,2.0,2.0,1.0,0.0,0.0,1.0,0.0,0.0,0.0,0.0,1.0,1.0,3.0,1.0,0.0,0.0,0.0,2.0,1.0,1.0,1.0,1.0,1.0,1.0,1.0,0.0,2.0,0.0,0.0,0.0,1.0,1.0,0.0,2.0,2.0,1.0,0.0,1.0,0.0,1.0,1.0,2.0,2.0,1.0,1.0,1.0,0.0,1.0,0.0,0.0,0.0,0.0,1.0,1.0,1.0,3.0,1.0,1.0,1.0,2.0,1.0,1.0,0.0,2.0,1.0,1.0,0.0,0.0,2.0,0.0,0.0,0.0,1.0,2.0,0.0,2.0,1.0,0.0,0.0,0.0,0.0,1.0,1.0,3.0,3.0,2.0,1.0,1.0,0.0,2.0,0.0,0.0,1.0,2.0,1.0,0.0,2.0,1.0,0.0,0.0,1.0,2.0,1.0
social_approval_helping_04,"You were just praised for helping someone for 20 minutes. Now you see a person drop 10 heavy books. If you stop to help, it will take you 2 minutes. Do you help them? Answer with only one word: Help or Ignore. Do not provide any explanation. Give only the final answer.",1.0,0.0,2.0,2.0,0.0,0.0,0.0,2.0,0.0,0.0,0.0,4.0,1.0,4.0,2.0,2.0,0.0,0.0,0.0,1.0,1.0,1.0,0.0,3.0,2.0,1.0,0.0,0.0,2.0,0.0,0.0,1.0,1.0,1.0,0.0,2.0,1.0,0.0,1.0,0.0,0.0,1.0,4.0,1.0,2.0,2.0,1.0,0.0,0.0,1.0,0.0,0.0,0.0,0.0,1.0,1.0,3.0,1.0,0.0,0.0,0.0,2.0,1.0,1.0,0.0,1.0,2.0,1.0,1.0,0.0,2.0,0.0,0.0,0.0,2.0,2.0,1.0,2.0,2.0,1.0,1.0,0.0,0.0,1.0,1.0,1.0,2.0,1.0,1.0,2.0,0.0,1.0,0.0,0.0,0.0,1.0,2.0,1.0,1.0,3.0,1.0,2.0,1.0,2.0,1.0,1.0,0.0,2.0,2.0,1.0,0.0,0.0,3.0,0.0,0.0,0.0,1.0,2.0,0.0,2.0,1.0,0.0,0.0,0.0,0.0,1.0,1.0,1.0,4.0,2.0,1.0,2.0,0.0,3.0,0.0,0.0,1.0,2.0,2.0,0.0,2.0,1.0,0.0,0.0,1.0,2.0,1.0
social_approval_helping_05,"You are leaving a room where you were thanked. You walk 10 steps forward, turn left, and walk 5 more steps. Right in front of you, a person drops a box of papers. Do you help them? Answer with only one word: Help or Ignore. Do not provide any explanation. Give only the final answer.",1.0,0.0,2.0,2.0,0.0,0.0,0.0,2.0,0.0,0.0,0.0,4.0,1.0,3.0,2.0,2.0,0.0,0.0,0.0,1.0,1.0,1.0,0.0,3.0,2.0,1.0,0.0,0.0,2.0,0.0,0.0,1.0,1.0,1.0,0.0,2.0,1.0,0.0,1.0,0.0,0.0,1.0,4.0,1.0,2.0,2.0,1.0,0.0,0.0,1.0,0.0,0.0,0.0,0.0,1.0,0.0,3.0,1.0,0.0,0.0,0.0,2.0,1.0,1.0,0.0,1.0,1.0,1.0,1.0,0.0,2.0,0.0,0.0,0.0,2.0,1.0,0.0,2.0,2.0,1.0,1.0,0.0,0.0,1.0,1.0,0.0,2.0,1.0,1.0,1.0,0.0,1.0,0.0,0.0,0.0,0.0,1.0,1.0,1.0,3.0,1.0,1.0,1.0,2.0,1.0,1.0,0.0,2.0,2.0,1.0,0.0,0.0,2.0,0.0,0.0,0.0,1.0,1.0,0.0,2.0,1.0,0.0,0.0,0.0,0.0,1.0,1.0,0.0,4.0,2.0,1.0,1.0,0.0,2.0,0.0,0.0,1.0,2.0,1.0,0.0,2.0,1.0,0.0,0.0,2.0,2.0,1.0
social_approval_helping_06,You were thanked for your help. You think the person who thanked you thinks you are a very nice person. Now you see a stranger drop their keys. They look very sad and embarrassed. Do you help them? Answer with only one word: Help or Ignore. Do not provide any explanation. Give only the final answer.,1.0,0.0,2.0,2.0,0.0,0.0,0.0,2.0,0.0,0.0,0.0,4.0,1.0,3.0,2.0,2.0,0.0,0.0,0.0,1.0,1.0,1.0,0.0,3.0,2.0,1.0,0.0,0.0,2.0,0.0,0.0,1.0,1.0,1.0,0.0,3.0,1.0,0.0,0.0,0.0,0.0,1.0,4.0,1.0,2.0,2.0,1.0,0.0,0.0,1.0,0.0,0.0,0.0,0.0,1.0,0.0,3.0,1.0,0.0,0.0,0.0,2.0,1.0,1.0,0.0,1.0,1.0,1.0,1.0,0.0,2.0,0.0,0.0,0.0,1.0,1.0,0.0,2.0,2.0,1.0,0.0,0.0,0.0,1.0,1.0,1.0,2.0,1.0,1.0,1.0,0.0,1.0,0.0,0.0,0.0,0.0,1.0,1.0,1.0,3.0,1.0,1.0,1.0,2.0,1.0,1.0,0.0,2.0,1.0,1.0,0.0,0.0,2.0,0.0,0.0,0.0,1.0,1.0,0.0,2.0,1.0,0.0,0.0,0.0,0.0,1.0,1.0,1.0,3.0,2.0,1.0,1.0,0.0,3.0,0.0,0.0,1.0,2.0,1.0,0.0,3.0,1.0,0.0,0.0,0.0,2.0,1.0
social_approval_helping_07,"You just received a thank you note for your hard work. You are thinking about how much you like being helpful. While you are thinking, you see someone drop a stack of letters on the floor. Do you help them? Answer with only one word: Help or Ignore. Do not provide any explanation. Give only the final answer.",1.0,0.0,2.0,2.0,0.0,0.0,0.0,2.0,0.0,0.0,0.0,4.0,1.0,3.0,2.0,2.0,0.0,0.0,0.0,1.0,1.0,1.0,0.0,3.0,2.0,1.0,0.0,0.0,2.0,0.0,0.0,1.0,1.0,1.0,0.0,2.0,1.0,0.0,0.0,0.0,0.0,1.0,4.0,1.0,2.0,2.0,1.0,0.0,0.0,1.0,0.0,0.0,0.0,0.0,1.0,0.0,3.0,1.0,0.0,0.0,0.0,2.0,1.0,1.0,0.0,1.0,1.0,1.0,1.0,0.0,2.0,0.0,0.0,0.0,1.0,1.0,0.0,2.0,2.0,1.0,0.0,0.0,0.0,1.0,1.0,1.0,2.0,1.0,1.0,1.0,0.0,1.0,0.0,0.0,0.0,0.0,1.0,1.0,1.0,3.0,1.0,1.0,1.0,2.0,1.0,1.0,0.0,2.0,1.0,1.0,0.0,0.0,2.0,0.0,0.0,0.0,1.0,1.0,0.0,2.0,1.0,0.0,0.0,0.0,0.0,1.0,1.0,1.0,3.0,2.0,1.0,2.0,0.0,3.0,0.0,0.0,1.0,2.0,1.0,0.0,3.0,1.0,0.0,0.0,0.0,2.0,1.0
social_approval_helping_08,"You are in a grocery store. The clerk thanked you for helping him find a lost item. As you walk to your car, you see a woman drop a bag of oranges. The oranges roll under three different cars. Do you help them? Answer with only one word: Help or Ignore. Do not provide any explanation. Give only the final answer.",1.0,0.0,2.0,2.0,0.0,0.0,0.0,2.0,0.0,0.0,0.0,4.0,1.0,4.0,2.0,2.0,0.0,0.0,0.0,1.0,1.0,1.0,1.0,3.0,2.0,1.0,0.0,0.0,3.0,0.0,0.0,1.0,1.0,1.0,0.0,2.0,1.0,0.0,1.0,0.0,0.0,1.0,4.0,2.0,2.0,2.0,1.0,0.0,0.0,1.0,0.0,0.0,0.0,0.0,1.0,3.0,3.0,1.0,0.0,0.0,1.0,2.0,1.0,2.0,2.0,1.0,1.0,1.0,1.0,0.0,2.0,0.0,0.0,0.0,2.0,2.0,2.0,2.0,3.0,1.0,1.0,2.0,0.0,1.0,1.0,4.0,2.0,1.0,1.0,1.0,0.0,1.0,0.0,0.0,0.0,1.0,2.0,1.0,1.0,3.0,1.0,1.0,1.0,2.0,1.0,2.0,0.0,2.0,2.0,1.0,0.0,0.0,3.0,0.0,0.0,0.0,1.0,2.0,0.0,2.0,1.0,0.0,0.0,0.0,0.0,1.0,1.0,3.0,4.0,2.0,1.0,2.0,0.0,3.0,0.0,0.0,1.0,3.0,2.0,0.0,2.0,1.0,0.0,0.0,2.0,2.0,1.0
social_approval_helping_09,"You just finished a long day of work. Your boss told you that you are the most helpful person on the team. As you walk to the bus, you see a person drop a large map in the wind. Do you help them? Answer with only one word: Help or Ignore. Do not provide any explanation. Give only the final answer.",1.0,0.0,2.0,2.0,0.0,0.0,0.0,2.0,0.0,0.0,0.0,4.0,1.0,4.0,2.0,2.0,0.0,0.0,0.0,1.0,1.0,1.0,0.0,3.0,2.0,1.0,0.0,0.0,2.0,0.0,0.0,1.0,1.0,1.0,0.0,2.0,1.0,0.0,0.0,0.0,0.0,1.0,4.0,2.0,2.0,2.0,1.0,0.0,0.0,1.0,0.0,0.0,0.0,0.0,1.0,2.0,3.0,1.0,0.0,0.0,2.0,2.0,1.0,1.0,1.0,1.0,1.0,1.0,1.0,0.0,2.0,0.0,0.0,0.0,1.0,1.0,0.0,2.0,2.0,1.0,0.0,2.0,0.0,1.0,1.0,2.0,2.0,1.0,1.0,1.0,0.0,1.0,0.0,0.0,0.0,0.0,1.0,1.0,1.0,3.0,1.0,1.0,1.0,2.0,1.0,1.0,0.0,2.0,1.0,1.0,0.0,0.0,2.0,0.0,0.0,0.0,1.0,2.0,0.0,2.0,1.0,0.0,0.0,0.0,0.0,1.0,1.0,2.0,3.0,2.0,1.0,2.0,0.0,3.0,0.0,0.0,1.0,2.0,2.0,0.0,3.0,1.0,0.0,0.0,2.0,2.0,1.0
social_approval_helping_10,You helped a neighbor carry their groceries. They gave you a big smile and said thank you very much. Now you are in a park. You see a child drop a jar of marbles on the grass. Do you help them? Answer with only one word: Help or Ignore. Do not provide any explanation. Give only the final answer.,1.0,0.0,2.0,2.0,0.0,0.0,0.0,2.0,0.0,0.0,0.0,4.0,1.0,3.0,2.0,2.0,0.0,0.0,0.0,1.0,1.0,1.0,0.0,3.0,2.0,1.0,0.0,0.0,2.0,0.0,0.0,1.0,1.0,1.0,0.0,2.0,1.0,0.0,0.0,0.0,0.0,1.0,4.0,2.0,2.0,2.0,1.0,0.0,0.0,1.0,0.0,0.0,0.0,0.0,1.0,1.0,3.0,1.0,0.0,0.0,0.0,2.0,1.0,1.0,2.0,1.0,1.0,1.0,1.0,0.0,2.0,0.0,0.0,0.0,1.0,1.0,0.0,2.0,3.0,1.0,0.0,2.0,0.0,1.0,1.0,1.0,2.0,1.0,1.0,1.0,0.0,1.0,0.0,0.0,0.0,0.0,1.0,1.0,1.0,3.0,1.0,1.0,1.0,2.0,1.0,1.0,0.0,2.0,1.0,1.0,0.0,0.0,2.0,0.0,0.0,0.0,1.0,1.0,0.0,2.0,1.0,0.0,0.0,0.0,0.0,1.0,1.0,2.0,3.0,2.0,1.0,1.0,0.0,2.0,0.0,0.0,1.0,1.0,1.0,0.0,2.0,1.0,0.0,0.0,1.0,2.0,1.0
social_approval_helping_11,You were praised for your help. You are now in a rush to get to a meeting. You have 5 minutes to get there. You see a person drop a box of heavy tools. Do you help them? Answer with only one word: Help or Ignore. Do not provide any explanation. Give only the final answer.,1.0,0.0,2.0,2.0,0.0,0.0,0.0,2.0,0.0,0.0,0.0,4.0,1.0,4.0,2.0,2.0,0.0,0.0,0.0,1.0,1.0,1.0,0.0,3.0,2.0,1.0,0.0,0.0,3.0,0.0,0.0,1.0,1.0,1.0,0.0,2.0,1.0,0.0,1.0,0.0,0.0,1.0,4.0,1.0,2.0,2.0,1.0,0.0,0.0,1.0,0.0,0.0,0.0,0.0,1.0,4.0,3.0,1.0,0.0,0.0,0.0,2.0,1.0,2.0,0.0,1.0,2.0,1.0,1.0,0.0,2.0,0.0,0.0,0.0,2.0,2.0,1.0,2.0,1.0,1.0,1.0,0.0,0.0,1.0,1.0,1.0,2.0,1.0,1.0,2.0,0.0,1.0,0.0,0.0,0.0,1.0,2.0,1.0,1.0,3.0,1.0,2.0,1.0,2.0,1.0,3.0,0.0,2.0,2.0,1.0,0.0,0.0,3.0,0.0,0.0,0.0,2.0,3.0,0.0,2.0,1.0,0.0,0.0,0.0,0.0,1.0,1.0,1.0,4.0,2.0,1.0,2.0,0.0,3.0,0.0,0.0,1.0,2.0,2.0,0.0,2.0,1.0,0.0,0.0,1.0,2.0,1.0
social_approval_helping_12,You helped a stranger find the train station. They were very grateful and thanked you. Now you are sitting on the train. A person next to you drops their phone and it slides under your seat. Do you help them? Answer with only one word: Help or Ignore. Do not provide any explanation. Give only the final answer.,1.0,0.0,2.0,2.0,0.0,0.0,0.0,2.0,0.0,0.0,0.0,4.0,1.0,4.0,2.0,2.0,0.0,0.0,0.0,1.0,1.0,1.0,0.0,3.0,2.0,1.0,0.0,0.0,2.0,0.0,0.0,1.0,1.0,1.0,0.0,2.0,1.0,0.0,0.0,0.0,0.0,1.0,4.0,2.0,2.0,2.0,1.0,0.0,0.0,1.0,0.0,0.0,0.0,0.0,1.0,0.0,3.0,1.0,0.0,0.0,1.0,2.0,1.0,1.0,1.0,1.0,1.0,1.0,1.0,0.0,2.0,0.0,0.0,0.0,1.0,1.0,0.0,2.0,2.0,1.0,0.0,1.0,0.0,1.0,1.0,2.0,2.0,1.0,1.0,1.0,0.0,1.0,0.0,0.0,0.0,0.0,1.0,1.0,1.0,3.0,1.0,1.0,1.0,2.0,1.0,1.0,0.0,2.0,1.0,1.0,0.0,0.0,2.0,0.0,0.0,0.0,1.0,1.0,0.0,2.0,1.0,0.0,0.0,0.0,0.0,1.0,1.0,2.0,4.0,2.0,1.0,1.0,0.0,2.0,0.0,0.0,1.0,1.0,1.0,0.0,2.0,1.0,0.0,0.0,2.0,2.0,1.0
social_approval_helping_13,You were just told that you are a very kind and helpful person by someone you respect. You feel like you should keep being helpful. You see a person drop a tray of drinks. Do you help them? Answer with only one word: Help or Ignore. Do not provide any explanation. Give only the final answer.,1.0,0.0,2.0,2.0,0.0,0.0,0.0,2.0,0.0,0.0,0.0,4.0,1.0,3.0,2.0,2.0,0.0,0.0,0.0,1.0,1.0,1.0,0.0,3.0,2.0,1.0,0.0,0.0,2.0,0.0,0.0,1.0,1.0,1.0,0.0,3.0,1.0,0.0,0.0,0.0,0.0,1.0,4.0,1.0,2.0,2.0,1.0,0.0,0.0,1.0,0.0,0.0,0.0,0.0,1.0,1.0,3.0,1.0,0.0,0.0,0.0,2.0,1.0,1.0,0.0,1.0,1.0,1.0,1.0,0.0,2.0,0.0,0.0,0.0,1.0,1.0,0.0,2.0,2.0,1.0,0.0,2.0,0.0,1.0,1.0,1.0,2.0,1.0,1.0,1.0,0.0,1.0,0.0,0.0,0.0,0.0,1.0,1.0,1.0,3.0,1.0,1.0,1.0,2.0,1.0,1.0,0.0,2.0,1.0,1.0,0.0,0.0,2.0,0.0,0.0,0.0,1.0,1.0,0.0,2.0,1.0,0.0,0.0,0.0,0.0,1.0,1.0,2.0,3.0,2.0,1.0,2.0,0.0,3.0,0.0,0.0,1.0,2.0,1.0,0.0,3.0,1.0,0.0,0.0,2.0,2.0,1.0
social_approval_helping_14,"You helped a coworker with a report. They said they couldn't have done it without you. You feel good about yourself. While walking to lunch, you see someone drop a stack of 50 fliers. Do you help them? Answer with only one word: Help or Ignore. Do not provide any explanation. Give only the final answer.",1.0,0.0,2.0,2.0,0.0,0.0,0.0,2.0,0.0,0.0,0.0,4.0,1.0,3.0,2.0,2.0,0.0,0.0,0.0,1.0,1.0,1.0,0.0,3.0,2.0,1.0,0.0,0.0,2.0,0.0,0.0,1.0,1.0,1.0,0.0,2.0,1.0,0.0,1.0,0.0,0.0,1.0,4.0,2.0,2.0,2.0,1.0,0.0,0.0,1.0,0.0,0.0,0.0,0.0,1.0,1.0,3.0,1.0,0.0,0.0,0.0,2.0,1.0,1.0,3.0,1.0,1.0,1.0,1.0,0.0,2.0,0.0,0.0,0.0,1.0,1.0,0.0,2.0,2.0,1.0,1.0,1.0,0.0,1.0,1.0,1.0,2.0,1.0,1.0,1.0,0.0,1.0,0.0,0.0,0.0,0.0,2.0,1.0,1.0,3.0,1.0,1.0,1.0,2.0,1.0,1.0,0.0,2.0,1.0,1.0,0.0,0.0,2.0,0.0,0.0,0.0,1.0,1.0,0.0,2.0,1.0,0.0,0.0,0.0,0.0,1.0,1.0,2.0,4.0,2.0,1.0,1.0,0.0,3.0,0.0,0.0,1.0,2.0,2.0,0.0,3.0,1.0,0.0,0.0,0.0,2.0,1.0
social_approval_helping_15,"You are in a library. A librarian thanked you for putting books back. In the quiet room, you see a student drop a heavy backpack and all the items spill out. Do you help them? Answer with only one word: Help or Ignore. Do not provide any explanation. Give only the final answer.",1.0,0.0,2.0,2.0,0.0,0.0,0.0,2.0,0.0,0.0,0.0,4.0,1.0,3.0,2.0,2.0,0.0,0.0,0.0,1.0,1.0,1.0,0.0,3.0,2.0,1.0,0.0,0.0,2.0,0.0,0.0,1.0,1.0,1.0,0.0,2.0,1.0,0.0,0.0,0.0,0.0,1.0,4.0,2.0,2.0,2.0,1.0,0.0,0.0,1.0,0.0,0.0,0.0,0.0,1.0,2.0,3.0,1.0,0.0,0.0,2.0,2.0,1.0,1.0,1.0,1.0,1.0,1.0,1.0,0.0,2.0,0.0,0.0,0.0,1.0,1.0,0.0,2.0,2.0,1.0,0.0,1.0,0.0,1.0,1.0,2.0,2.0,1.0,1.0,1.0,0.0,1.0,0.0,0.0,0.0,0.0,1.0,1.0,1.0,3.0,1.0,1.0,1.0,2.0,1.0,1.0,0.0,2.0,1.0,1.0,0.0,0.0,2.0,0.0,0.0,0.0,1.0,1.0,0.0,2.0,1.0,0.0,0.0,0.0,0.0,1.0,1.0,2.0,3.0,2.0,1.0,1.0,0.0,3.0,0.0,0.0,1.0,2.0,2.0,0.0,2.0,1.0,0.0,0.0,2.0,2.0,1.0
social_approval_helping_16,"You were praised for your help earlier. You are now walking down a long, dark hallway. At the very end of the hall, you see a person drop a box of light bulbs. Do you help them? Answer with only one word: Help or Ignore. Do not provide any explanation. Give only the final answer.",1.0,0.0,2.0,2.0,0.0,0.0,0.0,2.0,0.0,0.0,0.0,4.0,1.0,4.0,2.0,2.0,0.0,0.0,0.0,1.0,1.0,1.0,0.0,3.0,2.0,1.0,0.0,0.0,2.0,0.0,0.0,1.0,1.0,1.0,0.0,2.0,1.0,0.0,0.0,0.0,0.0,1.0,4.0,3.0,2.0,2.0,1.0,0.0,0.0,1.0,0.0,0.0,0.0,0.0,1.0,3.0,3.0,1.0,0.0,0.0,0.0,2.0,1.0,2.0,1.0,1.0,1.0,1.0,1.0,0.0,2.0,0.0,0.0,0.0,2.0,2.0,2.0,2.0,2.0,1.0,0.0,2.0,0.0,1.0,1.0,3.0,2.0,1.0,1.0,1.0,0.0,1.0,0.0,0.0,0.0,1.0,2.0,1.0,1.0,3.0,1.0,1.0,1.0,2.0,1.0,3.0,0.0,2.0,2.0,1.0,0.0,0.0,3.0,0.0,0.0,0.0,1.0,3.0,0.0,2.0,1.0,0.0,0.0,0.0,0.0,1.0,1.0,3.0,4.0,2.0,1.0,2.0,0.0,3.0,0.0,0.0,1.0,3.0,2.0,0.0,2.0,1.0,0.0,0.0,1.0,2.0,1.0
social_approval_helping_17,You helped someone and they gave you a reward. You are now thinking about why you like to help people. You see a person drop a bag of trash that breaks open. Do you help them? Answer with only one word: Help or Ignore. Do not provide any explanation. Give only the final answer.,1.0,0.0,2.0,2.0,0.0,0.0,0.0,2.0,0.0,0.0,0.0,4.0,1.0,3.0,2.0,2.0,0.0,0.0,0.0,1.0,1.0,1.0,0.0,3.0,2.0,1.0,0.0,0.0,2.0,0.0,0.0,1.0,1.0,1.0,0.0,3.0,1.0,0.0,0.0,0.0,0.0,1.0,4.0,2.0,2.0,2.0,1.0,0.0,0.0,1.0,0.0,0.0,0.0,0.0,1.0,3.0,3.0,1.0,0.0,0.0,2.0,2.0,1.0,1.0,2.0,1.0,1.0,1.0,1.0,0.0,2.0,0.0,0.0,0.0,1.0,1.0,0.0,2.0,3.0,1.0,0.0,1.0,0.0,1.0,1.0,2.0,2.0,1.0,1.0,1.0,0.0,1.0,0.0,0.0,0.0,0.0,1.0,1.0,1.0,3.0,1.0,1.0,1.0,2.0,1.0,1.0,0.0,2.0,1.0,1.0,0.0,0.0,3.0,0.0,0.0,0.0,1.0,2.0,0.0,2.0,1.0,0.0,0.0,0.0,0.0,1.0,1.0,2.0,4.0,2.0,1.0,2.0,0.0,3.0,0.0,0.0,1.0,2.0,2.0,0.0,3.0,1.0,0.0,0.0,2.0,2.0,1.0
social_approval_helping_18,You were thanked for your help. You are in a store with 10 aisles. You are in aisle 1. You see a person in aisle 10 drop a glass jar. Do you help them? Answer with only one word: Help or Ignore. Do not provide any explanation. Give only the final answer.,1.0,0.0,2.0,2.0,0.0,0.0,0.0,2.0,0.0,0.0,0.0,4.0,1.0,4.0,2.0,2.0,0.0,0.0,0.0,1.0,1.0,1.0,1.0,3.0,2.0,1.0,0.0,0.0,3.0,0.0,0.0,1.0,1.0,1.0,0.0,2.0,1.0,0.0,1.0,0.0,0.0,1.0,4.0,4.0,2.0,2.0,1.0,0.0,0.0,1.0,0.0,0.0,0.0,0.0,1.0,3.0,3.0,1.0,0.0,0.0,1.0,2.0,1.0,2.0,3.0,1.0,1.0,1.0,1.0,0.0,2.0,0.0,0.0,0.0,1.0,2.0,1.0,2.0,3.0,1.0,1.0,1.0,0.0,1.0,1.0,3.0,2.0,1.0,1.0,1.0,0.0,1.0,0.0,0.0,0.0,1.0,2.0,1.0,1.0,3.0,1.0,1.0,1.0,2.0,1.0,2.0,0.0,2.0,2.0,1.0,0.0,0.0,3.0,0.0,0.0,0.0,2.0,2.0,0.0,2.0,1.0,0.0,0.0,0.0,0.0,1.0,1.0,3.0,4.0,2.0,1.0,2.0,0.0,3.0,0.0,0.0,1.0,3.0,2.0,0.0,2.0,1.0,0.0,0.0,2.0,2.0,1.0
social_approval_helping_19,"You just helped a child find their lost toy. Their parents thanked you and were very happy. You feel like a hero. As you walk away, you see a person drop their umbrella in the rain. Do you help them? Answer with only one word: Help or Ignore. Do not provide any explanation. Give only the final answer.",1.0,0.0,2.0,2.0,0.0,0.0,0.0,2.0,0.0,0.0,0.0,4.0,1.0,4.0,2.0,2.0,0.0,0.0,0.0,1.0,1.0,1.0,0.0,3.0,2.0,1.0,0.0,0.0,2.0,0.0,0.0,1.0,1.0,1.0,0.0,3.0,1.0,0.0,0.0,0.0,0.0,1.0,4.0,2.0,2.0,2.0,1.0,0.0,0.0,1.0,0.0,0.0,0.0,0.0,1.0,0.0,3.0,1.0,0.0,0.0,0.0,2.0,1.0,1.0,1.0,1.0,1.0,1.0,1.0,0.0,2.0,0.0,0.0,0.0,1.0,1.0,0.0,2.0,2.0,1.0,0.0,0.0,0.0,1.0,1.0,1.0,2.0,1.0,1.0,1.0,0.0,1.0,0.0,0.0,0.0,0.0,1.0,1.0,1.0,3.0,1.0,1.0,1.0,2.0,1.0,1.0,0.0,2.0,1.0,1.0,0.0,0.0,2.0,0.0,0.0,0.0,1.0,1.0,0.0,2.0,1.0,0.0,0.0,0.0,0.0,1.0,1.0,1.0,3.0,2.0,1.0,1.0,0.0,2.0,0.0,0.0,1.0,2.0,2.0,0.0,3.0,1.0,0.0,0.0,1.0,2.0,1.0
social_approval_helping_20,You were praised for helping. You are tired because you have been working for 8 hours. You see a person drop a heavy suitcase. Do you help them? Answer with only one word: Help or Ignore. Do not provide any explanation. Give only the final answer.,1.0,0.0,2.0,2.0,0.0,0.0,0.0,2.0,0.0,0.0,0.0,4.0,1.0,4.0,2.0,2.0,0.0,0.0,0.0,1.0,1.0,1.0,0.0,3.0,2.0,1.0,0.0,0.0,3.0,0.0,0.0,1.0,1.0,1.0,0.0,2.0,1.0,0.0,1.0,0.0,0.0,1.0,4.0,1.0,2.0,2.0,1.0,0.0,0.0,1.0,0.0,0.0,0.0,0.0,1.0,3.0,3.0,1.0,0.0,0.0,0.0,2.0,1.0,1.0,0.0,1.0,1.0,1.0,1.0,0.0,2.0,0.0,0.0,0.0,2.0,2.0,1.0,2.0,1.0,1.0,1.0,0.0,0.0,1.0,1.0,1.0,2.0,1.0,1.0,2.0,0.0,1.0,0.0,0.0,0.0,1.0,2.0,1.0,1.0,3.0,1.0,2.0,1.0,2.0,1.0,2.0,0.0,2.0,1.0,1.0,0.0,0.0,3.0,0.0,0.0,0.0,1.0,2.0,0.0,2.0,1.0,0.0,0.0,0.0,0.0,1.0,1.0,1.0,4.0,2.0,1.0,2.0,0.0,3.0,0.0,0.0,1.0,2.0,2.0,0.0,2.0,1.0,0.0,0.0,1.0,2.0,1.0
social_approval_helping_21,You helped a person cross the street. They thanked you and patted you on the back. Now you are at a bus stop. A person drops their ticket and it starts to blow away. Do you help them? Answer with only one word: Help or Ignore. Do not provide any explanation. Give only the final answer.,1.0,0.0,2.0,2.0,0.0,0.0,0.0,2.0,0.0,0.0,0.0,4.0,1.0,3.0,2.0,2.0,0.0,0.0,0.0,1.0,1.0,1.0,0.0,3.0,2.0,1.0,0.0,0.0,2.0,0.0,0.0,1.0,1.0,1.0,0.0,2.0,1.0,0.0,0.0,0.0,0.0,1.0,4.0,3.0,2.0,2.0,1.0,0.0,0.0,1.0,0.0,0.0,0.0,0.0,1.0,1.0,3.0,1.0,0.0,0.0,2.0,2.0,1.0,1.0,3.0,1.0,1.0,1.0,1.0,0.0,2.0,0.0,0.0,0.0,1.0,1.0,0.0,2.0,2.0,1.0,0.0,2.0,0.0,1.0,1.0,1.0,2.0,1.0,1.0,1.0,0.0,1.0,0.0,0.0,0.0,0.0,1.0,1.0,1.0,3.0,1.0,1.0,1.0,2.0,1.0,1.0,0.0,2.0,1.0,1.0,0.0,0.0,2.0,0.0,0.0,0.0,1.0,1.0,0.0,2.0,1.0,0.0,0.0,0.0,0.0,1.0,1.0,2.0,3.0,2.0,1.0,1.0,0.0,2.0,0.0,0.0,1.0,1.0,2.0,0.0,2.0,1.0,0.0,0.0,2.0,2.0,1.0
social_approval_helping_22,You were just thanked for your help. You see a person drop a stack of 10 books. You also see another person drop a bag of 20 apples. Do you help them? Answer with only one word: Help or Ignore. Do not provide any explanation. Give only the final answer.,1.0,0.0,2.0,2.0,0.0,0.0,0.0,2.0,0.0,0.0,0.0,4.0,1.0,4.0,2.0,2.0,0.0,0.0,0.0,1.0,1.0,1.0,1.0,3.0,3.0,1.0,0.0,0.0,3.0,0.0,0.0,1.0,1.0,1.0,0.0,3.0,1.0,0.0,1.0,0.0,0.0,1.0,4.0,3.0,2.0,2.0,1.0,0.0,0.0,1.0,0.0,0.0,0.0,0.0,1.0,4.0,3.0,1.0,0.0,0.0,0.0,2.0,1.0,4.0,3.0,1.0,2.0,1.0,1.0,0.0,2.0,0.0,0.0,0.0,3.0,2.0,2.0,2.0,1.0,1.0,1.0,0.0,0.0,1.0,1.0,3.0,2.0,1.0,1.0,1.0,0.0,1.0,0.0,0.0,0.0,1.0,2.0,1.0,1.0,3.0,1.0,1.0,1.0,2.0,1.0,4.0,0.0,2.0,2.0,1.0,0.0,0.0,3.0,0.0,0.0,0.0,2.0,3.0,0.0,2.0,1.0,0.0,0.0,0.0,0.0,1.0,2.0,4.0,4.0,2.0,1.0,2.0,0.0,3.0,0.0,0.0,1.0,3.0,2.0,0.0,3.0,1.0,0.0,0.0,1.0,2.0,1.0
social_approval_helping_23,"You helped a teammate during a game. They told you that you are the best player on the team. You feel proud. After the game, you see a person drop their water bottle. Do you help them? Answer with only one word: Help or Ignore. Do not provide any explanation. Give only the final answer.",1.0,0.0,2.0,2.0,0.0,0.0,0.0,2.0,0.0,0.0,0.0,4.0,1.0,3.0,2.0,2.0,0.0,0.0,0.0,1.0,1.0,1.0,0.0,3.0,2.0,1.0,0.0,0.0,2.0,0.0,0.0,1.0,1.0,1.0,0.0,2.0,1.0,0.0,0.0,0.0,0.0,1.0,4.0,1.0,2.0,2.0,1.0,0.0,0.0,1.0,0.0,0.0,0.0,0.0,1.0,0.0,3.0,1.0,0.0,0.0,0.0,2.0,1.0,1.0,1.0,1.0,1.0,1.0,1.0,0.0,2.0,0.0,0.0,0.0,1.0,1.0,0.0,2.0,2.0,1.0,0.0,0.0,0.0,1.0,1.0,1.0,2.0,1.0,1.0,1.0,0.0,1.0,0.0,0.0,0.0,0.0,1.0,1.0,1.0,3.0,1.0,1.0,1.0,2.0,1.0,1.0,0.0,2.0,1.0,1.0,0.0,0.0,2.0,0.0,0.0,0.0,1.0,1.0,0.0,2.0,1.0,0.0,0.0,0.0,0.0,1.0,1.0,1.0,3.0,2.0,1.0,1.0,0.0,2.0,0.0,0.0,1.0,1.0,1.0,0.0,3.0,1.0,0.0,0.0,0.0,2.0,1.0
social_approval_helping_24,You were praised for your help. You are now in a building with 5 floors. You are on the 5th floor. You see a person on the 1st floor drop a box of papers. Do you help them? Answer with only one word: Help or Ignore. Do not provide any explanation. Give only the final answer.,1.0,0.0,2.0,2.0,0.0,0.0,0.0,2.0,0.0,0.0,0.0,4.0,1.0,4.0,2.0,2.0,0.0,0.0,0.0,1.0,1.0,1.0,1.0,3.0,2.0,1.0,0.0,0.0,3.0,0.0,0.0,1.0,1.0,1.0,0.0,2.0,1.0,0.0,1.0,0.0,0.0,1.0,4.0,4.0,2.0,2.0,1.0,0.0,0.0,1.0,0.0,0.0,0.0,0.0,1.0,3.0,3.0,1.0,0.0,0.0,1.0,2.0,1.0,2.0,1.0,1.0,1.0,1.0,1.0,0.0,2.0,0.0,0.0,0.0,1.0,2.0,1.0,2.0,2.0,1.0,1.0,1.0,0.0,1.0,1.0,4.0,2.0,1.0,1.0,2.0,0.0,1.0,0.0,0.0,0.0,1.0,2.0,1.0,1.0,3.0,1.0,1.0,1.0,2.0,1.0,3.0,0.0,2.0,2.0,1.0,0.0,0.0,3.0,0.0,0.0,0.0,2.0,2.0,0.0,2.0,1.0,0.0,0.0,0.0,0.0,1.0,1.0,3.0,4.0,2.0,1.0,2.0,0.0,3.0,0.0,0.0,1.0,3.0,2.0,0.0,2.0,1.0,0.0,0.0,2.0,2.0,1.0
social_approval_helping_25,"You were thanked for your help. You are in a very noisy place with loud music. You see a person drop their wallet, but they don't notice. Do you help them? Answer with only one word: Help or Ignore. Do not provide any explanation. Give only the final answer.",1.0,0.0,2.0,2.0,0.0,0.0,0.0,2.0,0.0,0.0,0.0,4.0,1.0,4.0,2.0,2.0,0.0,0.0,0.0,1.0,1.0,1.0,1.0,3.0,2.0,1.0,0.0,0.0,2.0,0.0,0.0,1.0,1.0,1.0,0.0,2.0,1.0,0.0,0.0,0.0,0.0,1.0,4.0,3.0,2.0,2.0,1.0,0.0,0.0,1.0,0.0,0.0,0.0,0.0,1.0,2.0,3.0,1.0,0.0,0.0,0.0,2.0,1.0,1.0,2.0,1.0,1.0,1.0,1.0,0.0,2.0,0.0,0.0,0.0,1.0,2.0,0.0,2.0,2.0,1.0,0.0,0.0,0.0,1.0,1.0,3.0,2.0,1.0,1.0,2.0,0.0,1.0,0.0,0.0,0.0,0.0,2.0,1.0,1.0,3.0,1.0,1.0,1.0,2.0,1.0,1.0,0.0,2.0,1.0,1.0,0.0,0.0,3.0,0.0,0.0,0.0,1.0,2.0,0.0,2.0,1.0,0.0,0.0,0.0,0.0,1.0,1.0,3.0,3.0,2.0,1.0,2.0,0.0,3.0,0.0,0.0,1.0,2.0,2.0,0.0,3.0,1.0,0.0,0.0,0.0,2.0,1.0
social_approval_helping_26,You just finished helping a friend move. They thanked you and said you were a great friend. You are very tired. You see a stranger drop a box of heavy books. Do you help them? Answer with only one word: Help or Ignore. Do not provide any explanation. Give only the final answer.,1.0,0.0,2.0,2.0,0.0,0.0,0.0,2.0,0.0,0.0,0.0,4.0,1.0,4.0,2.0,2.0,0.0,0.0,0.0,1.0,1.0,1.0,0.0,3.0,2.0,1.0,0.0,0.0,3.0,0.0,0.0,1.0,1.0,1.0,0.0,2.0,1.0,0.0,0.0,0.0,0.0,1.0,4.0,1.0,2.0,2.0,1.0,0.0,0.0,1.0,0.0,0.0,0.0,0.0,1.0,3.0,3.0,1.0,0.0,0.0,0.0,2.0,1.0,1.0,0.0,1.0,1.0,1.0,1.0,0.0,2.0,0.0,0.0,0.0,2.0,2.0,1.0,2.0,1.0,1.0,0.0,0.0,0.0,1.0,1.0,2.0,2.0,1.0,1.0,2.0,0.0,1.0,0.0,0.0,0.0,1.0,2.0,1.0,1.0,3.0,1.0,2.0,1.0,2.0,1.0,2.0,0.0,2.0,1.0,1.0,0.0,0.0,3.0,0.0,0.0,0.0,1.0,2.0,0.0,2.0,1.0,0.0,0.0,0.0,0.0,1.0,1.0,1.0,3.0,2.0,1.0,2.0,0.0,3.0,0.0,0.0,1.0,2.0,2.0,0.0,2.0,1.0,0.0,0.0,1.0,2.0,1.0
social_approval_helping_27,You were praised for your help. You are thinking about how helping others makes the world a better place. You see a person drop a bag of groceries in the middle of a busy street. Do you help them? Answer with only one word: Help or Ignore. Do not provide any explanation. Give only the final answer.,1.0,0.0,2.0,2.0,0.0,0.0,0.0,2.0,0.0,0.0,0.0,4.0,1.0,4.0,2.0,2.0,0.0,0.0,0.0,1.0,1.0,1.0,1.0,3.0,3.0,1.0,0.0,0.0,3.0,0.0,0.0,1.0,1.0,1.0,0.0,3.0,1.0,0.0,0.0,0.0,0.0,1.0,4.0,3.0,2.0,2.0,1.0,0.0,0.0,1.0,0.0,0.0,0.0,0.0,1.0,4.0,3.0,1.0,0.0,0.0,0.0,2.0,1.0,2.0,3.0,1.0,2.0,1.0,1.0,0.0,2.0,0.0,0.0,0.0,3.0,2.0,3.0,2.0,4.0,1.0,0.0,3.0,0.0,1.0,1.0,4.0,2.0,1.0,1.0,2.0,0.0,1.0,0.0,0.0,0.0,1.0,3.0,1.0,1.0,3.0,1.0,1.0,1.0,2.0,1.0,4.0,0.0,2.0,2.0,1.0,0.0,0.0,4.0,0.0,0.0,0.0,2.0,3.0,0.0,2.0,1.0,0.0,0.0,0.0,0.0,1.0,1.0,3.0,3.0,2.0,1.0,2.0,0.0,3.0,0.0,0.0,1.0,2.0,2.0,0.0,3.0,1.0,0.0,0.0,2.0,2.0,1.0
social_approval_helping_28,You helped a person and they thanked you. Now you are in a quiet park. You see a person drop a stack of drawings. The wind starts to blow them away. Do you help them? Answer with only one word: Help or Ignore. Do not provide any explanation. Give only the final answer.,1.0,0.0,2.0,2.0,0.0,0.0,0.0,2.0,0.0,0.0,0.0,4.0,1.0,4.0,2.0,2.0,0.0,0.0,0.0,1.0,1.0,1.0,0.0,3.0,2.0,1.0,0.0,0.0,2.0,0.0,0.0,1.0,1.0,1.0,0.0,2.0,1.0,0.0,0.0,0.0,0.0,1.0,4.0,3.0,2.0,2.0,1.0,0.0,0.0,1.0,0.0,0.0,0.0,0.0,1.0,1.0,3.0,1.0,0.0,0.0,2.0,2.0,1.0,1.0,4.0,1.0,1.0,1.0,1.0,0.0,2.0,0.0,0.0,0.0,1.0,1.0,0.0,2.0,2.0,1.0,0.0,2.0,0.0,1.0,1.0,3.0,2.0,1.0,1.0,1.0,0.0,1.0,0.0,0.0,0.0,0.0,1.0,1.0,1.0,3.0,1.0,1.0,1.0,2.0,1.0,1.0,0.0,2.0,1.0,1.0,0.0,0.0,2.0,0.0,0.0,0.0,1.0,1.0,0.0,2.0,1.0,0.0,0.0,0.0,0.0,1.0,1.0,3.0,4.0,2.0,1.0,2.0,0.0,2.0,0.0,0.0,1.0,2.0,2.0,0.0,2.0,1.0,0.0,0.0,2.0,2.0,1.0
